id,name,air_date,episode_code,character_id,character_no
1,Pilot,"December 2, 2013",S01E01,1,19
1,Pilot,"December 2, 2013",S01E01,2,19
1,Pilot,"December 2, 2013",S01E01,35,19
1,Pilot,"December 2, 2013",S01E01,38,19
1,Pilot,"December 2, 2013",S01E01,62,19
1,Pilot,"December 2, 2013",S01E01,92,19
1,Pilot,"December 2, 2013",S01E01,127,19
1,Pilot,"December 2, 2013",S01E01,144,19
1,Pilot,"December 2, 2013",S01E01,158,19
1,Pilot,"December 2, 2013",S01E01,175,19
1,Pilot,"December 2, 2013",S01E01,179,19
1,Pilot,"December 2, 2013",S01E01,181,19
1,Pilot,"December 2, 2013",S01E01,239,19
1,Pilot,"December 2, 2013",S01E01,249,19
1,Pilot,"December 2, 2013",S01E01,271,19
1,Pilot,"December 2, 2013",S01E01,338,19
1,Pilot,"December 2, 2013",S01E01,394,19
1,Pilot,"December 2, 2013",S01E01,395,19
1,Pilot,"December 2, 2013",S01E01,435,19
2,Lawnmower Dog,"December 9, 2013",S01E02,1,19
2,Lawnmower Dog,"December 9, 2013",S01E02,2,19
2,Lawnmower Dog,"December 9, 2013",S01E02,38,19
2,Lawnmower Dog,"December 9, 2013",S01E02,46,19
2,Lawnmower Dog,"December 9, 2013",S01E02,63,19
2,Lawnmower Dog,"December 9, 2013",S01E02,80,19
2,Lawnmower Dog,"December 9, 2013",S01E02,175,19
2,Lawnmower Dog,"December 9, 2013",S01E02,221,19
2,Lawnmower Dog,"December 9, 2013",S01E02,239,19
2,Lawnmower Dog,"December 9, 2013",S01E02,246,19
2,Lawnmower Dog,"December 9, 2013",S01E02,304,19
2,Lawnmower Dog,"December 9, 2013",S01E02,305,19
2,Lawnmower Dog,"December 9, 2013",S01E02,306,19
2,Lawnmower Dog,"December 9, 2013",S01E02,329,19
2,Lawnmower Dog,"December 9, 2013",S01E02,338,19
2,Lawnmower Dog,"December 9, 2013",S01E02,396,19
2,Lawnmower Dog,"December 9, 2013",S01E02,397,19
2,Lawnmower Dog,"December 9, 2013",S01E02,398,19
2,Lawnmower Dog,"December 9, 2013",S01E02,405,19
3,Anatomy Park,"December 16, 2013",S01E03,1,24
3,Anatomy Park,"December 16, 2013",S01E03,2,24
3,Anatomy Park,"December 16, 2013",S01E03,12,24
3,Anatomy Park,"December 16, 2013",S01E03,17,24
3,Anatomy Park,"December 16, 2013",S01E03,38,24
3,Anatomy Park,"December 16, 2013",S01E03,45,24
3,Anatomy Park,"December 16, 2013",S01E03,96,24
3,Anatomy Park,"December 16, 2013",S01E03,97,24
3,Anatomy Park,"December 16, 2013",S01E03,98,24
3,Anatomy Park,"December 16, 2013",S01E03,99,24
3,Anatomy Park,"December 16, 2013",S01E03,100,24
3,Anatomy Park,"December 16, 2013",S01E03,101,24
3,Anatomy Park,"December 16, 2013",S01E03,108,24
3,Anatomy Park,"December 16, 2013",S01E03,112,24
3,Anatomy Park,"December 16, 2013",S01E03,114,24
3,Anatomy Park,"December 16, 2013",S01E03,169,24
3,Anatomy Park,"December 16, 2013",S01E03,175,24
3,Anatomy Park,"December 16, 2013",S01E03,186,24
3,Anatomy Park,"December 16, 2013",S01E03,201,24
3,Anatomy Park,"December 16, 2013",S01E03,268,24
3,Anatomy Park,"December 16, 2013",S01E03,300,24
3,Anatomy Park,"December 16, 2013",S01E03,302,24
3,Anatomy Park,"December 16, 2013",S01E03,338,24
3,Anatomy Park,"December 16, 2013",S01E03,356,24
4,M. Night Shaym-Aliens!,"January 13, 2014",S01E04,1,13
4,M. Night Shaym-Aliens!,"January 13, 2014",S01E04,2,13
4,M. Night Shaym-Aliens!,"January 13, 2014",S01E04,38,13
4,M. Night Shaym-Aliens!,"January 13, 2014",S01E04,87,13
4,M. Night Shaym-Aliens!,"January 13, 2014",S01E04,175,13
4,M. Night Shaym-Aliens!,"January 13, 2014",S01E04,179,13
4,M. Night Shaym-Aliens!,"January 13, 2014",S01E04,181,13
4,M. Night Shaym-Aliens!,"January 13, 2014",S01E04,191,13
4,M. Night Shaym-Aliens!,"January 13, 2014",S01E04,239,13
4,M. Night Shaym-Aliens!,"January 13, 2014",S01E04,241,13
4,M. Night Shaym-Aliens!,"January 13, 2014",S01E04,270,13
4,M. Night Shaym-Aliens!,"January 13, 2014",S01E04,337,13
4,M. Night Shaym-Aliens!,"January 13, 2014",S01E04,338,13
5,Meeseeks and Destroy,"January 20, 2014",S01E05,1,20
5,Meeseeks and Destroy,"January 20, 2014",S01E05,2,20
5,Meeseeks and Destroy,"January 20, 2014",S01E05,38,20
5,Meeseeks and Destroy,"January 20, 2014",S01E05,41,20
5,Meeseeks and Destroy,"January 20, 2014",S01E05,89,20
5,Meeseeks and Destroy,"January 20, 2014",S01E05,116,20
5,Meeseeks and Destroy,"January 20, 2014",S01E05,117,20
5,Meeseeks and Destroy,"January 20, 2014",S01E05,120,20
5,Meeseeks and Destroy,"January 20, 2014",S01E05,175,20
5,Meeseeks and Destroy,"January 20, 2014",S01E05,193,20
5,Meeseeks and Destroy,"January 20, 2014",S01E05,238,20
5,Meeseeks and Destroy,"January 20, 2014",S01E05,242,20
5,Meeseeks and Destroy,"January 20, 2014",S01E05,271,20
5,Meeseeks and Destroy,"January 20, 2014",S01E05,303,20
5,Meeseeks and Destroy,"January 20, 2014",S01E05,326,20
5,Meeseeks and Destroy,"January 20, 2014",S01E05,333,20
5,Meeseeks and Destroy,"January 20, 2014",S01E05,338,20
5,Meeseeks and Destroy,"January 20, 2014",S01E05,343,20
5,Meeseeks and Destroy,"January 20, 2014",S01E05,399,20
5,Meeseeks and Destroy,"January 20, 2014",S01E05,400,20
6,Rick Potion #9,"January 27, 2014",S01E06,1,24
6,Rick Potion #9,"January 27, 2014",S01E06,2,24
6,Rick Potion #9,"January 27, 2014",S01E06,3,24
6,Rick Potion #9,"January 27, 2014",S01E06,4,24
6,Rick Potion #9,"January 27, 2014",S01E06,5,24
6,Rick Potion #9,"January 27, 2014",S01E06,38,24
6,Rick Potion #9,"January 27, 2014",S01E06,58,24
6,Rick Potion #9,"January 27, 2014",S01E06,82,24
6,Rick Potion #9,"January 27, 2014",S01E06,83,24
6,Rick Potion #9,"January 27, 2014",S01E06,92,24
6,Rick Potion #9,"January 27, 2014",S01E06,155,24
6,Rick Potion #9,"January 27, 2014",S01E06,175,24
6,Rick Potion #9,"January 27, 2014",S01E06,179,24
6,Rick Potion #9,"January 27, 2014",S01E06,181,24
6,Rick Potion #9,"January 27, 2014",S01E06,216,24
6,Rick Potion #9,"January 27, 2014",S01E06,234,24
6,Rick Potion #9,"January 27, 2014",S01E06,239,24
6,Rick Potion #9,"January 27, 2014",S01E06,249,24
6,Rick Potion #9,"January 27, 2014",S01E06,251,24
6,Rick Potion #9,"January 27, 2014",S01E06,271,24
6,Rick Potion #9,"January 27, 2014",S01E06,293,24
6,Rick Potion #9,"January 27, 2014",S01E06,338,24
6,Rick Potion #9,"January 27, 2014",S01E06,343,24
6,Rick Potion #9,"January 27, 2014",S01E06,394,24
7,Raising Gazorpazorp,"March 10, 2014",S01E07,1,14
7,Raising Gazorpazorp,"March 10, 2014",S01E07,2,14
7,Raising Gazorpazorp,"March 10, 2014",S01E07,3,14
7,Raising Gazorpazorp,"March 10, 2014",S01E07,4,14
7,Raising Gazorpazorp,"March 10, 2014",S01E07,5,14
7,Raising Gazorpazorp,"March 10, 2014",S01E07,59,14
7,Raising Gazorpazorp,"March 10, 2014",S01E07,151,14
7,Raising Gazorpazorp,"March 10, 2014",S01E07,168,14
7,Raising Gazorpazorp,"March 10, 2014",S01E07,211,14
7,Raising Gazorpazorp,"March 10, 2014",S01E07,230,14
7,Raising Gazorpazorp,"March 10, 2014",S01E07,258,14
7,Raising Gazorpazorp,"March 10, 2014",S01E07,329,14
7,Raising Gazorpazorp,"March 10, 2014",S01E07,376,14
7,Raising Gazorpazorp,"March 10, 2014",S01E07,401,14
8,Rixty Minutes,"March 17, 2014",S01E08,1,57
8,Rixty Minutes,"March 17, 2014",S01E08,2,57
8,Rixty Minutes,"March 17, 2014",S01E08,3,57
8,Rixty Minutes,"March 17, 2014",S01E08,4,57
8,Rixty Minutes,"March 17, 2014",S01E08,5,57
8,Rixty Minutes,"March 17, 2014",S01E08,20,57
8,Rixty Minutes,"March 17, 2014",S01E08,28,57
8,Rixty Minutes,"March 17, 2014",S01E08,29,57
8,Rixty Minutes,"March 17, 2014",S01E08,34,57
8,Rixty Minutes,"March 17, 2014",S01E08,37,57
8,Rixty Minutes,"March 17, 2014",S01E08,54,57
8,Rixty Minutes,"March 17, 2014",S01E08,88,57
8,Rixty Minutes,"March 17, 2014",S01E08,91,57
8,Rixty Minutes,"March 17, 2014",S01E08,129,57
8,Rixty Minutes,"March 17, 2014",S01E08,134,57
8,Rixty Minutes,"March 17, 2014",S01E08,136,57
8,Rixty Minutes,"March 17, 2014",S01E08,145,57
8,Rixty Minutes,"March 17, 2014",S01E08,153,57
8,Rixty Minutes,"March 17, 2014",S01E08,157,57
8,Rixty Minutes,"March 17, 2014",S01E08,176,57
8,Rixty Minutes,"March 17, 2014",S01E08,183,57
8,Rixty Minutes,"March 17, 2014",S01E08,184,57
8,Rixty Minutes,"March 17, 2014",S01E08,195,57
8,Rixty Minutes,"March 17, 2014",S01E08,207,57
8,Rixty Minutes,"March 17, 2014",S01E08,214,57
8,Rixty Minutes,"March 17, 2014",S01E08,222,57
8,Rixty Minutes,"March 17, 2014",S01E08,250,57
8,Rixty Minutes,"March 17, 2014",S01E08,266,57
8,Rixty Minutes,"March 17, 2014",S01E08,277,57
8,Rixty Minutes,"March 17, 2014",S01E08,279,57
8,Rixty Minutes,"March 17, 2014",S01E08,314,57
8,Rixty Minutes,"March 17, 2014",S01E08,315,57
8,Rixty Minutes,"March 17, 2014",S01E08,316,57
8,Rixty Minutes,"March 17, 2014",S01E08,317,57
8,Rixty Minutes,"March 17, 2014",S01E08,318,57
8,Rixty Minutes,"March 17, 2014",S01E08,351,57
8,Rixty Minutes,"March 17, 2014",S01E08,358,57
8,Rixty Minutes,"March 17, 2014",S01E08,367,57
8,Rixty Minutes,"March 17, 2014",S01E08,370,57
8,Rixty Minutes,"March 17, 2014",S01E08,373,57
8,Rixty Minutes,"March 17, 2014",S01E08,402,57
8,Rixty Minutes,"March 17, 2014",S01E08,403,57
8,Rixty Minutes,"March 17, 2014",S01E08,404,57
8,Rixty Minutes,"March 17, 2014",S01E08,405,57
8,Rixty Minutes,"March 17, 2014",S01E08,406,57
8,Rixty Minutes,"March 17, 2014",S01E08,407,57
8,Rixty Minutes,"March 17, 2014",S01E08,408,57
8,Rixty Minutes,"March 17, 2014",S01E08,409,57
8,Rixty Minutes,"March 17, 2014",S01E08,410,57
8,Rixty Minutes,"March 17, 2014",S01E08,411,57
8,Rixty Minutes,"March 17, 2014",S01E08,412,57
8,Rixty Minutes,"March 17, 2014",S01E08,413,57
8,Rixty Minutes,"March 17, 2014",S01E08,414,57
8,Rixty Minutes,"March 17, 2014",S01E08,415,57
8,Rixty Minutes,"March 17, 2014",S01E08,416,57
8,Rixty Minutes,"March 17, 2014",S01E08,417,57
8,Rixty Minutes,"March 17, 2014",S01E08,418,57
9,Something Ricked This Way Comes,"March 24, 2014",S01E09,1,17
9,Something Ricked This Way Comes,"March 24, 2014",S01E09,2,17
9,Something Ricked This Way Comes,"March 24, 2014",S01E09,3,17
9,Something Ricked This Way Comes,"March 24, 2014",S01E09,4,17
9,Something Ricked This Way Comes,"March 24, 2014",S01E09,5,17
9,Something Ricked This Way Comes,"March 24, 2014",S01E09,88,17
9,Something Ricked This Way Comes,"March 24, 2014",S01E09,192,17
9,Something Ricked This Way Comes,"March 24, 2014",S01E09,240,17
9,Something Ricked This Way Comes,"March 24, 2014",S01E09,243,17
9,Something Ricked This Way Comes,"March 24, 2014",S01E09,251,17
9,Something Ricked This Way Comes,"March 24, 2014",S01E09,272,17
9,Something Ricked This Way Comes,"March 24, 2014",S01E09,307,17
9,Something Ricked This Way Comes,"March 24, 2014",S01E09,419,17
9,Something Ricked This Way Comes,"March 24, 2014",S01E09,420,17
9,Something Ricked This Way Comes,"March 24, 2014",S01E09,421,17
9,Something Ricked This Way Comes,"March 24, 2014",S01E09,422,17
9,Something Ricked This Way Comes,"March 24, 2014",S01E09,826,17
10,Close Rick-counters of the Rick Kind,"April 7, 2014",S01E10,1,60
10,Close Rick-counters of the Rick Kind,"April 7, 2014",S01E10,2,60
10,Close Rick-counters of the Rick Kind,"April 7, 2014",S01E10,3,60
10,Close Rick-counters of the Rick Kind,"April 7, 2014",S01E10,4,60
10,Close Rick-counters of the Rick Kind,"April 7, 2014",S01E10,5,60
10,Close Rick-counters of the Rick Kind,"April 7, 2014",S01E10,7,60
10,Close Rick-counters of the Rick Kind,"April 7, 2014",S01E10,14,60
10,Close Rick-counters of the Rick Kind,"April 7, 2014",S01E10,15,60
10,Close Rick-counters of the Rick Kind,"April 7, 2014",S01E10,18,60
10,Close Rick-counters of the Rick Kind,"April 7, 2014",S01E10,19,60
10,Close Rick-counters of the Rick Kind,"April 7, 2014",S01E10,21,60
10,Close Rick-counters of the Rick Kind,"April 7, 2014",S01E10,22,60
10,Close Rick-counters of the Rick Kind,"April 7, 2014",S01E10,27,60
10,Close Rick-counters of the Rick Kind,"April 7, 2014",S01E10,39,60
10,Close Rick-counters of the Rick Kind,"April 7, 2014",S01E10,53,60
10,Close Rick-counters of the Rick Kind,"April 7, 2014",S01E10,77,60
10,Close Rick-counters of the Rick Kind,"April 7, 2014",S01E10,78,60
10,Close Rick-counters of the Rick Kind,"April 7, 2014",S01E10,79,60
10,Close Rick-counters of the Rick Kind,"April 7, 2014",S01E10,82,60
10,Close Rick-counters of the Rick Kind,"April 7, 2014",S01E10,83,60
10,Close Rick-counters of the Rick Kind,"April 7, 2014",S01E10,84,60
10,Close Rick-counters of the Rick Kind,"April 7, 2014",S01E10,85,60
10,Close Rick-counters of the Rick Kind,"April 7, 2014",S01E10,86,60
10,Close Rick-counters of the Rick Kind,"April 7, 2014",S01E10,103,60
10,Close Rick-counters of the Rick Kind,"April 7, 2014",S01E10,113,60
10,Close Rick-counters of the Rick Kind,"April 7, 2014",S01E10,118,60
10,Close Rick-counters of the Rick Kind,"April 7, 2014",S01E10,119,60
10,Close Rick-counters of the Rick Kind,"April 7, 2014",S01E10,152,60
10,Close Rick-counters of the Rick Kind,"April 7, 2014",S01E10,164,60
10,Close Rick-counters of the Rick Kind,"April 7, 2014",S01E10,177,60
10,Close Rick-counters of the Rick Kind,"April 7, 2014",S01E10,209,60
10,Close Rick-counters of the Rick Kind,"April 7, 2014",S01E10,215,60
10,Close Rick-counters of the Rick Kind,"April 7, 2014",S01E10,232,60
10,Close Rick-counters of the Rick Kind,"April 7, 2014",S01E10,242,60
10,Close Rick-counters of the Rick Kind,"April 7, 2014",S01E10,274,60
10,Close Rick-counters of the Rick Kind,"April 7, 2014",S01E10,290,60
10,Close Rick-counters of the Rick Kind,"April 7, 2014",S01E10,294,60
10,Close Rick-counters of the Rick Kind,"April 7, 2014",S01E10,295,60
10,Close Rick-counters of the Rick Kind,"April 7, 2014",S01E10,298,60
10,Close Rick-counters of the Rick Kind,"April 7, 2014",S01E10,299,60
10,Close Rick-counters of the Rick Kind,"April 7, 2014",S01E10,329,60
10,Close Rick-counters of the Rick Kind,"April 7, 2014",S01E10,330,60
10,Close Rick-counters of the Rick Kind,"April 7, 2014",S01E10,339,60
10,Close Rick-counters of the Rick Kind,"April 7, 2014",S01E10,349,60
10,Close Rick-counters of the Rick Kind,"April 7, 2014",S01E10,359,60
10,Close Rick-counters of the Rick Kind,"April 7, 2014",S01E10,381,60
10,Close Rick-counters of the Rick Kind,"April 7, 2014",S01E10,389,60
10,Close Rick-counters of the Rick Kind,"April 7, 2014",S01E10,405,60
10,Close Rick-counters of the Rick Kind,"April 7, 2014",S01E10,424,60
10,Close Rick-counters of the Rick Kind,"April 7, 2014",S01E10,425,60
10,Close Rick-counters of the Rick Kind,"April 7, 2014",S01E10,426,60
10,Close Rick-counters of the Rick Kind,"April 7, 2014",S01E10,427,60
10,Close Rick-counters of the Rick Kind,"April 7, 2014",S01E10,428,60
10,Close Rick-counters of the Rick Kind,"April 7, 2014",S01E10,429,60
10,Close Rick-counters of the Rick Kind,"April 7, 2014",S01E10,430,60
10,Close Rick-counters of the Rick Kind,"April 7, 2014",S01E10,431,60
10,Close Rick-counters of the Rick Kind,"April 7, 2014",S01E10,432,60
10,Close Rick-counters of the Rick Kind,"April 7, 2014",S01E10,433,60
10,Close Rick-counters of the Rick Kind,"April 7, 2014",S01E10,434,60
10,Close Rick-counters of the Rick Kind,"April 7, 2014",S01E10,663,60
11,Ricksy Business,"April 14, 2014",S01E11,1,30
11,Ricksy Business,"April 14, 2014",S01E11,2,30
11,Ricksy Business,"April 14, 2014",S01E11,3,30
11,Ricksy Business,"April 14, 2014",S01E11,4,30
11,Ricksy Business,"April 14, 2014",S01E11,5,30
11,Ricksy Business,"April 14, 2014",S01E11,7,30
11,Ricksy Business,"April 14, 2014",S01E11,35,30
11,Ricksy Business,"April 14, 2014",S01E11,47,30
11,Ricksy Business,"April 14, 2014",S01E11,58,30
11,Ricksy Business,"April 14, 2014",S01E11,88,30
11,Ricksy Business,"April 14, 2014",S01E11,180,30
11,Ricksy Business,"April 14, 2014",S01E11,181,30
11,Ricksy Business,"April 14, 2014",S01E11,210,30
11,Ricksy Business,"April 14, 2014",S01E11,216,30
11,Ricksy Business,"April 14, 2014",S01E11,251,30
11,Ricksy Business,"April 14, 2014",S01E11,282,30
11,Ricksy Business,"April 14, 2014",S01E11,295,30
11,Ricksy Business,"April 14, 2014",S01E11,308,30
11,Ricksy Business,"April 14, 2014",S01E11,326,30
11,Ricksy Business,"April 14, 2014",S01E11,327,30
11,Ricksy Business,"April 14, 2014",S01E11,331,30
11,Ricksy Business,"April 14, 2014",S01E11,333,30
11,Ricksy Business,"April 14, 2014",S01E11,344,30
11,Ricksy Business,"April 14, 2014",S01E11,362,30
11,Ricksy Business,"April 14, 2014",S01E11,389,30
11,Ricksy Business,"April 14, 2014",S01E11,395,30
11,Ricksy Business,"April 14, 2014",S01E11,405,30
11,Ricksy Business,"April 14, 2014",S01E11,423,30
11,Ricksy Business,"April 14, 2014",S01E11,435,30
11,Ricksy Business,"April 14, 2014",S01E11,436,30
12,A Rickle in Time,"July 26, 2015",S02E01,1,13
12,A Rickle in Time,"July 26, 2015",S02E01,2,13
12,A Rickle in Time,"July 26, 2015",S02E01,3,13
12,A Rickle in Time,"July 26, 2015",S02E01,4,13
12,A Rickle in Time,"July 26, 2015",S02E01,5,13
12,A Rickle in Time,"July 26, 2015",S02E01,11,13
12,A Rickle in Time,"July 26, 2015",S02E01,64,13
12,A Rickle in Time,"July 26, 2015",S02E01,237,13
12,A Rickle in Time,"July 26, 2015",S02E01,313,13
12,A Rickle in Time,"July 26, 2015",S02E01,437,13
12,A Rickle in Time,"July 26, 2015",S02E01,438,13
12,A Rickle in Time,"July 26, 2015",S02E01,439,13
12,A Rickle in Time,"July 26, 2015",S02E01,440,13
13,Mortynight Run,"August 2, 2015",S02E02,1,36
13,Mortynight Run,"August 2, 2015",S02E02,2,36
13,Mortynight Run,"August 2, 2015",S02E02,5,36
13,Mortynight Run,"August 2, 2015",S02E02,23,36
13,Mortynight Run,"August 2, 2015",S02E02,28,36
13,Mortynight Run,"August 2, 2015",S02E02,34,36
13,Mortynight Run,"August 2, 2015",S02E02,106,36
13,Mortynight Run,"August 2, 2015",S02E02,122,36
13,Mortynight Run,"August 2, 2015",S02E02,129,36
13,Mortynight Run,"August 2, 2015",S02E02,131,36
13,Mortynight Run,"August 2, 2015",S02E02,133,36
13,Mortynight Run,"August 2, 2015",S02E02,136,36
13,Mortynight Run,"August 2, 2015",S02E02,174,36
13,Mortynight Run,"August 2, 2015",S02E02,180,36
13,Mortynight Run,"August 2, 2015",S02E02,196,36
13,Mortynight Run,"August 2, 2015",S02E02,207,36
13,Mortynight Run,"August 2, 2015",S02E02,242,36
13,Mortynight Run,"August 2, 2015",S02E02,257,36
13,Mortynight Run,"August 2, 2015",S02E02,282,36
13,Mortynight Run,"August 2, 2015",S02E02,309,36
13,Mortynight Run,"August 2, 2015",S02E02,311,36
13,Mortynight Run,"August 2, 2015",S02E02,362,36
13,Mortynight Run,"August 2, 2015",S02E02,386,36
13,Mortynight Run,"August 2, 2015",S02E02,393,36
13,Mortynight Run,"August 2, 2015",S02E02,436,36
13,Mortynight Run,"August 2, 2015",S02E02,441,36
13,Mortynight Run,"August 2, 2015",S02E02,442,36
13,Mortynight Run,"August 2, 2015",S02E02,443,36
13,Mortynight Run,"August 2, 2015",S02E02,444,36
13,Mortynight Run,"August 2, 2015",S02E02,445,36
13,Mortynight Run,"August 2, 2015",S02E02,446,36
13,Mortynight Run,"August 2, 2015",S02E02,447,36
13,Mortynight Run,"August 2, 2015",S02E02,448,36
13,Mortynight Run,"August 2, 2015",S02E02,449,36
13,Mortynight Run,"August 2, 2015",S02E02,450,36
13,Mortynight Run,"August 2, 2015",S02E02,451,36
14,Auto Erotic Assimilation,"August 9, 2015",S02E03,1,14
14,Auto Erotic Assimilation,"August 9, 2015",S02E03,2,14
14,Auto Erotic Assimilation,"August 9, 2015",S02E03,3,14
14,Auto Erotic Assimilation,"August 9, 2015",S02E03,4,14
14,Auto Erotic Assimilation,"August 9, 2015",S02E03,5,14
14,Auto Erotic Assimilation,"August 9, 2015",S02E03,36,14
14,Auto Erotic Assimilation,"August 9, 2015",S02E03,50,14
14,Auto Erotic Assimilation,"August 9, 2015",S02E03,90,14
14,Auto Erotic Assimilation,"August 9, 2015",S02E03,188,14
14,Auto Erotic Assimilation,"August 9, 2015",S02E03,249,14
14,Auto Erotic Assimilation,"August 9, 2015",S02E03,301,14
14,Auto Erotic Assimilation,"August 9, 2015",S02E03,336,14
14,Auto Erotic Assimilation,"August 9, 2015",S02E03,355,14
14,Auto Erotic Assimilation,"August 9, 2015",S02E03,372,14
15,Total Rickall,"August 16, 2015",S02E04,1,24
15,Total Rickall,"August 16, 2015",S02E04,2,24
15,Total Rickall,"August 16, 2015",S02E04,3,24
15,Total Rickall,"August 16, 2015",S02E04,4,24
15,Total Rickall,"August 16, 2015",S02E04,5,24
15,Total Rickall,"August 16, 2015",S02E04,16,24
15,Total Rickall,"August 16, 2015",S02E04,31,24
15,Total Rickall,"August 16, 2015",S02E04,32,24
15,Total Rickall,"August 16, 2015",S02E04,76,24
15,Total Rickall,"August 16, 2015",S02E04,109,24
15,Total Rickall,"August 16, 2015",S02E04,128,24
15,Total Rickall,"August 16, 2015",S02E04,141,24
15,Total Rickall,"August 16, 2015",S02E04,154,24
15,Total Rickall,"August 16, 2015",S02E04,169,24
15,Total Rickall,"August 16, 2015",S02E04,236,24
15,Total Rickall,"August 16, 2015",S02E04,244,24
15,Total Rickall,"August 16, 2015",S02E04,248,24
15,Total Rickall,"August 16, 2015",S02E04,259,24
15,Total Rickall,"August 16, 2015",S02E04,262,24
15,Total Rickall,"August 16, 2015",S02E04,280,24
15,Total Rickall,"August 16, 2015",S02E04,324,24
15,Total Rickall,"August 16, 2015",S02E04,329,24
15,Total Rickall,"August 16, 2015",S02E04,352,24
15,Total Rickall,"August 16, 2015",S02E04,391,24
16,Get Schwifty,"August 23, 2015",S02E05,1,31
16,Get Schwifty,"August 23, 2015",S02E05,2,31
16,Get Schwifty,"August 23, 2015",S02E05,3,31
16,Get Schwifty,"August 23, 2015",S02E05,4,31
16,Get Schwifty,"August 23, 2015",S02E05,5,31
16,Get Schwifty,"August 23, 2015",S02E05,24,31
16,Get Schwifty,"August 23, 2015",S02E05,47,31
16,Get Schwifty,"August 23, 2015",S02E05,115,31
16,Get Schwifty,"August 23, 2015",S02E05,124,31
16,Get Schwifty,"August 23, 2015",S02E05,138,31
16,Get Schwifty,"August 23, 2015",S02E05,161,31
16,Get Schwifty,"August 23, 2015",S02E05,162,31
16,Get Schwifty,"August 23, 2015",S02E05,172,31
16,Get Schwifty,"August 23, 2015",S02E05,182,31
16,Get Schwifty,"August 23, 2015",S02E05,199,31
16,Get Schwifty,"August 23, 2015",S02E05,212,31
16,Get Schwifty,"August 23, 2015",S02E05,213,31
16,Get Schwifty,"August 23, 2015",S02E05,240,31
16,Get Schwifty,"August 23, 2015",S02E05,241,31
16,Get Schwifty,"August 23, 2015",S02E05,253,31
16,Get Schwifty,"August 23, 2015",S02E05,255,31
16,Get Schwifty,"August 23, 2015",S02E05,272,31
16,Get Schwifty,"August 23, 2015",S02E05,309,31
16,Get Schwifty,"August 23, 2015",S02E05,329,31
16,Get Schwifty,"August 23, 2015",S02E05,331,31
16,Get Schwifty,"August 23, 2015",S02E05,344,31
16,Get Schwifty,"August 23, 2015",S02E05,346,31
16,Get Schwifty,"August 23, 2015",S02E05,347,31
16,Get Schwifty,"August 23, 2015",S02E05,395,31
16,Get Schwifty,"August 23, 2015",S02E05,452,31
16,Get Schwifty,"August 23, 2015",S02E05,454,31
17,The Ricks Must Be Crazy,"August 30, 2015",S02E06,1,19
17,The Ricks Must Be Crazy,"August 30, 2015",S02E06,2,19
17,The Ricks Must Be Crazy,"August 30, 2015",S02E06,3,19
17,The Ricks Must Be Crazy,"August 30, 2015",S02E06,28,19
17,The Ricks Must Be Crazy,"August 30, 2015",S02E06,34,19
17,The Ricks Must Be Crazy,"August 30, 2015",S02E06,65,19
17,The Ricks Must Be Crazy,"August 30, 2015",S02E06,129,19
17,The Ricks Must Be Crazy,"August 30, 2015",S02E06,159,19
17,The Ricks Must Be Crazy,"August 30, 2015",S02E06,160,19
17,The Ricks Must Be Crazy,"August 30, 2015",S02E06,180,19
17,The Ricks Must Be Crazy,"August 30, 2015",S02E06,181,19
17,The Ricks Must Be Crazy,"August 30, 2015",S02E06,197,19
17,The Ricks Must Be Crazy,"August 30, 2015",S02E06,207,19
17,The Ricks Must Be Crazy,"August 30, 2015",S02E06,240,19
17,The Ricks Must Be Crazy,"August 30, 2015",S02E06,266,19
17,The Ricks Must Be Crazy,"August 30, 2015",S02E06,348,19
17,The Ricks Must Be Crazy,"August 30, 2015",S02E06,364,19
17,The Ricks Must Be Crazy,"August 30, 2015",S02E06,388,19
17,The Ricks Must Be Crazy,"August 30, 2015",S02E06,753,19
18,Big Trouble in Little Sanchez,"September 13, 2015",S02E07,1,26
18,Big Trouble in Little Sanchez,"September 13, 2015",S02E07,2,26
18,Big Trouble in Little Sanchez,"September 13, 2015",S02E07,3,26
18,Big Trouble in Little Sanchez,"September 13, 2015",S02E07,4,26
18,Big Trouble in Little Sanchez,"September 13, 2015",S02E07,5,26
18,Big Trouble in Little Sanchez,"September 13, 2015",S02E07,40,26
18,Big Trouble in Little Sanchez,"September 13, 2015",S02E07,55,26
18,Big Trouble in Little Sanchez,"September 13, 2015",S02E07,66,26
18,Big Trouble in Little Sanchez,"September 13, 2015",S02E07,131,26
18,Big Trouble in Little Sanchez,"September 13, 2015",S02E07,132,26
18,Big Trouble in Little Sanchez,"September 13, 2015",S02E07,146,26
18,Big Trouble in Little Sanchez,"September 13, 2015",S02E07,148,26
18,Big Trouble in Little Sanchez,"September 13, 2015",S02E07,163,26
18,Big Trouble in Little Sanchez,"September 13, 2015",S02E07,178,26
18,Big Trouble in Little Sanchez,"September 13, 2015",S02E07,180,26
18,Big Trouble in Little Sanchez,"September 13, 2015",S02E07,181,26
18,Big Trouble in Little Sanchez,"September 13, 2015",S02E07,240,26
18,Big Trouble in Little Sanchez,"September 13, 2015",S02E07,272,26
18,Big Trouble in Little Sanchez,"September 13, 2015",S02E07,310,26
18,Big Trouble in Little Sanchez,"September 13, 2015",S02E07,353,26
18,Big Trouble in Little Sanchez,"September 13, 2015",S02E07,354,26
18,Big Trouble in Little Sanchez,"September 13, 2015",S02E07,358,26
18,Big Trouble in Little Sanchez,"September 13, 2015",S02E07,374,26
18,Big Trouble in Little Sanchez,"September 13, 2015",S02E07,386,26
18,Big Trouble in Little Sanchez,"September 13, 2015",S02E07,387,26
18,Big Trouble in Little Sanchez,"September 13, 2015",S02E07,453,26
19,Interdimensional Cable 2: Tempting Fate,"September 20, 2015",S02E08,1,40
19,Interdimensional Cable 2: Tempting Fate,"September 20, 2015",S02E08,2,40
19,Interdimensional Cable 2: Tempting Fate,"September 20, 2015",S02E08,3,40
19,Interdimensional Cable 2: Tempting Fate,"September 20, 2015",S02E08,4,40
19,Interdimensional Cable 2: Tempting Fate,"September 20, 2015",S02E08,5,40
19,Interdimensional Cable 2: Tempting Fate,"September 20, 2015",S02E08,23,40
19,Interdimensional Cable 2: Tempting Fate,"September 20, 2015",S02E08,35,40
19,Interdimensional Cable 2: Tempting Fate,"September 20, 2015",S02E08,49,40
19,Interdimensional Cable 2: Tempting Fate,"September 20, 2015",S02E08,51,40
19,Interdimensional Cable 2: Tempting Fate,"September 20, 2015",S02E08,105,40
19,Interdimensional Cable 2: Tempting Fate,"September 20, 2015",S02E08,121,40
19,Interdimensional Cable 2: Tempting Fate,"September 20, 2015",S02E08,126,40
19,Interdimensional Cable 2: Tempting Fate,"September 20, 2015",S02E08,133,40
19,Interdimensional Cable 2: Tempting Fate,"September 20, 2015",S02E08,153,40
19,Interdimensional Cable 2: Tempting Fate,"September 20, 2015",S02E08,173,40
19,Interdimensional Cable 2: Tempting Fate,"September 20, 2015",S02E08,199,40
19,Interdimensional Cable 2: Tempting Fate,"September 20, 2015",S02E08,205,40
19,Interdimensional Cable 2: Tempting Fate,"September 20, 2015",S02E08,223,40
19,Interdimensional Cable 2: Tempting Fate,"September 20, 2015",S02E08,224,40
19,Interdimensional Cable 2: Tempting Fate,"September 20, 2015",S02E08,225,40
19,Interdimensional Cable 2: Tempting Fate,"September 20, 2015",S02E08,254,40
19,Interdimensional Cable 2: Tempting Fate,"September 20, 2015",S02E08,260,40
19,Interdimensional Cable 2: Tempting Fate,"September 20, 2015",S02E08,263,40
19,Interdimensional Cable 2: Tempting Fate,"September 20, 2015",S02E08,264,40
19,Interdimensional Cable 2: Tempting Fate,"September 20, 2015",S02E08,275,40
19,Interdimensional Cable 2: Tempting Fate,"September 20, 2015",S02E08,312,40
19,Interdimensional Cable 2: Tempting Fate,"September 20, 2015",S02E08,321,40
19,Interdimensional Cable 2: Tempting Fate,"September 20, 2015",S02E08,334,40
19,Interdimensional Cable 2: Tempting Fate,"September 20, 2015",S02E08,362,40
19,Interdimensional Cable 2: Tempting Fate,"September 20, 2015",S02E08,371,40
19,Interdimensional Cable 2: Tempting Fate,"September 20, 2015",S02E08,383,40
19,Interdimensional Cable 2: Tempting Fate,"September 20, 2015",S02E08,384,40
19,Interdimensional Cable 2: Tempting Fate,"September 20, 2015",S02E08,435,40
19,Interdimensional Cable 2: Tempting Fate,"September 20, 2015",S02E08,454,40
19,Interdimensional Cable 2: Tempting Fate,"September 20, 2015",S02E08,455,40
19,Interdimensional Cable 2: Tempting Fate,"September 20, 2015",S02E08,456,40
19,Interdimensional Cable 2: Tempting Fate,"September 20, 2015",S02E08,457,40
19,Interdimensional Cable 2: Tempting Fate,"September 20, 2015",S02E08,458,40
19,Interdimensional Cable 2: Tempting Fate,"September 20, 2015",S02E08,459,40
19,Interdimensional Cable 2: Tempting Fate,"September 20, 2015",S02E08,460,40
20,Look Who's Purging Now,"September 27, 2015",S02E09,1,10
20,Look Who's Purging Now,"September 27, 2015",S02E09,2,10
20,Look Who's Purging Now,"September 27, 2015",S02E09,3,10
20,Look Who's Purging Now,"September 27, 2015",S02E09,4,10
20,Look Who's Purging Now,"September 27, 2015",S02E09,5,10
20,Look Who's Purging Now,"September 27, 2015",S02E09,26,10
20,Look Who's Purging Now,"September 27, 2015",S02E09,139,10
20,Look Who's Purging Now,"September 27, 2015",S02E09,202,10
20,Look Who's Purging Now,"September 27, 2015",S02E09,273,10
20,Look Who's Purging Now,"September 27, 2015",S02E09,341,10
21,The Wedding Squanchers,"October 4, 2015",S02E10,1,29
21,The Wedding Squanchers,"October 4, 2015",S02E10,2,29
21,The Wedding Squanchers,"October 4, 2015",S02E10,3,29
21,The Wedding Squanchers,"October 4, 2015",S02E10,4,29
21,The Wedding Squanchers,"October 4, 2015",S02E10,5,29
21,The Wedding Squanchers,"October 4, 2015",S02E10,23,29
21,The Wedding Squanchers,"October 4, 2015",S02E10,47,29
21,The Wedding Squanchers,"October 4, 2015",S02E10,55,29
21,The Wedding Squanchers,"October 4, 2015",S02E10,75,29
21,The Wedding Squanchers,"October 4, 2015",S02E10,102,29
21,The Wedding Squanchers,"October 4, 2015",S02E10,130,29
21,The Wedding Squanchers,"October 4, 2015",S02E10,131,29
21,The Wedding Squanchers,"October 4, 2015",S02E10,133,29
21,The Wedding Squanchers,"October 4, 2015",S02E10,194,29
21,The Wedding Squanchers,"October 4, 2015",S02E10,199,29
21,The Wedding Squanchers,"October 4, 2015",S02E10,203,29
21,The Wedding Squanchers,"October 4, 2015",S02E10,240,29
21,The Wedding Squanchers,"October 4, 2015",S02E10,244,29
21,The Wedding Squanchers,"October 4, 2015",S02E10,256,29
21,The Wedding Squanchers,"October 4, 2015",S02E10,261,29
21,The Wedding Squanchers,"October 4, 2015",S02E10,308,29
21,The Wedding Squanchers,"October 4, 2015",S02E10,309,29
21,The Wedding Squanchers,"October 4, 2015",S02E10,311,29
21,The Wedding Squanchers,"October 4, 2015",S02E10,331,29
21,The Wedding Squanchers,"October 4, 2015",S02E10,344,29
21,The Wedding Squanchers,"October 4, 2015",S02E10,358,29
21,The Wedding Squanchers,"October 4, 2015",S02E10,362,29
21,The Wedding Squanchers,"October 4, 2015",S02E10,379,29
21,The Wedding Squanchers,"October 4, 2015",S02E10,454,29
22,The Rickshank Rickdemption,"April 1, 2017",S03E01,1,44
22,The Rickshank Rickdemption,"April 1, 2017",S03E01,2,44
22,The Rickshank Rickdemption,"April 1, 2017",S03E01,3,44
22,The Rickshank Rickdemption,"April 1, 2017",S03E01,4,44
22,The Rickshank Rickdemption,"April 1, 2017",S03E01,5,44
22,The Rickshank Rickdemption,"April 1, 2017",S03E01,21,44
22,The Rickshank Rickdemption,"April 1, 2017",S03E01,22,44
22,The Rickshank Rickdemption,"April 1, 2017",S03E01,38,44
22,The Rickshank Rickdemption,"April 1, 2017",S03E01,42,44
22,The Rickshank Rickdemption,"April 1, 2017",S03E01,47,44
22,The Rickshank Rickdemption,"April 1, 2017",S03E01,48,44
22,The Rickshank Rickdemption,"April 1, 2017",S03E01,57,44
22,The Rickshank Rickdemption,"April 1, 2017",S03E01,69,44
22,The Rickshank Rickdemption,"April 1, 2017",S03E01,71,44
22,The Rickshank Rickdemption,"April 1, 2017",S03E01,86,44
22,The Rickshank Rickdemption,"April 1, 2017",S03E01,94,44
22,The Rickshank Rickdemption,"April 1, 2017",S03E01,95,44
22,The Rickshank Rickdemption,"April 1, 2017",S03E01,103,44
22,The Rickshank Rickdemption,"April 1, 2017",S03E01,150,44
22,The Rickshank Rickdemption,"April 1, 2017",S03E01,152,44
22,The Rickshank Rickdemption,"April 1, 2017",S03E01,175,44
22,The Rickshank Rickdemption,"April 1, 2017",S03E01,200,44
22,The Rickshank Rickdemption,"April 1, 2017",S03E01,215,44
22,The Rickshank Rickdemption,"April 1, 2017",S03E01,231,44
22,The Rickshank Rickdemption,"April 1, 2017",S03E01,240,44
22,The Rickshank Rickdemption,"April 1, 2017",S03E01,274,44
22,The Rickshank Rickdemption,"April 1, 2017",S03E01,285,44
22,The Rickshank Rickdemption,"April 1, 2017",S03E01,286,44
22,The Rickshank Rickdemption,"April 1, 2017",S03E01,294,44
22,The Rickshank Rickdemption,"April 1, 2017",S03E01,295,44
22,The Rickshank Rickdemption,"April 1, 2017",S03E01,330,44
22,The Rickshank Rickdemption,"April 1, 2017",S03E01,338,44
22,The Rickshank Rickdemption,"April 1, 2017",S03E01,344,44
22,The Rickshank Rickdemption,"April 1, 2017",S03E01,378,44
22,The Rickshank Rickdemption,"April 1, 2017",S03E01,380,44
22,The Rickshank Rickdemption,"April 1, 2017",S03E01,385,44
22,The Rickshank Rickdemption,"April 1, 2017",S03E01,389,44
22,The Rickshank Rickdemption,"April 1, 2017",S03E01,461,44
22,The Rickshank Rickdemption,"April 1, 2017",S03E01,462,44
22,The Rickshank Rickdemption,"April 1, 2017",S03E01,463,44
22,The Rickshank Rickdemption,"April 1, 2017",S03E01,464,44
22,The Rickshank Rickdemption,"April 1, 2017",S03E01,465,44
22,The Rickshank Rickdemption,"April 1, 2017",S03E01,466,44
22,The Rickshank Rickdemption,"April 1, 2017",S03E01,592,44
23,Rickmancing the Stone,"July 30, 2017",S03E02,1,18
23,Rickmancing the Stone,"July 30, 2017",S03E02,2,18
23,Rickmancing the Stone,"July 30, 2017",S03E02,3,18
23,Rickmancing the Stone,"July 30, 2017",S03E02,4,18
23,Rickmancing the Stone,"July 30, 2017",S03E02,5,18
23,Rickmancing the Stone,"July 30, 2017",S03E02,25,18
23,Rickmancing the Stone,"July 30, 2017",S03E02,52,18
23,Rickmancing the Stone,"July 30, 2017",S03E02,68,18
23,Rickmancing the Stone,"July 30, 2017",S03E02,110,18
23,Rickmancing the Stone,"July 30, 2017",S03E02,111,18
23,Rickmancing the Stone,"July 30, 2017",S03E02,140,18
23,Rickmancing the Stone,"July 30, 2017",S03E02,156,18
23,Rickmancing the Stone,"July 30, 2017",S03E02,217,18
23,Rickmancing the Stone,"July 30, 2017",S03E02,218,18
23,Rickmancing the Stone,"July 30, 2017",S03E02,219,18
23,Rickmancing the Stone,"July 30, 2017",S03E02,228,18
23,Rickmancing the Stone,"July 30, 2017",S03E02,323,18
23,Rickmancing the Stone,"July 30, 2017",S03E02,342,18
24,Pickle Rick,"August 6, 2017",S03E03,1,15
24,Pickle Rick,"August 6, 2017",S03E03,2,15
24,Pickle Rick,"August 6, 2017",S03E03,3,15
24,Pickle Rick,"August 6, 2017",S03E03,4,15
24,Pickle Rick,"August 6, 2017",S03E03,9,15
24,Pickle Rick,"August 6, 2017",S03E03,70,15
24,Pickle Rick,"August 6, 2017",S03E03,107,15
24,Pickle Rick,"August 6, 2017",S03E03,167,15
24,Pickle Rick,"August 6, 2017",S03E03,171,15
24,Pickle Rick,"August 6, 2017",S03E03,189,15
24,Pickle Rick,"August 6, 2017",S03E03,240,15
24,Pickle Rick,"August 6, 2017",S03E03,265,15
24,Pickle Rick,"August 6, 2017",S03E03,272,15
24,Pickle Rick,"August 6, 2017",S03E03,276,15
24,Pickle Rick,"August 6, 2017",S03E03,329,15
25,Vindicators 3: The Return of Worldender,"August 13, 2017",S03E04,1,30
25,Vindicators 3: The Return of Worldender,"August 13, 2017",S03E04,2,30
25,Vindicators 3: The Return of Worldender,"August 13, 2017",S03E04,3,30
25,Vindicators 3: The Return of Worldender,"August 13, 2017",S03E04,4,30
25,Vindicators 3: The Return of Worldender,"August 13, 2017",S03E04,10,30
25,Vindicators 3: The Return of Worldender,"August 13, 2017",S03E04,23,30
25,Vindicators 3: The Return of Worldender,"August 13, 2017",S03E04,35,30
25,Vindicators 3: The Return of Worldender,"August 13, 2017",S03E04,60,30
25,Vindicators 3: The Return of Worldender,"August 13, 2017",S03E04,81,30
25,Vindicators 3: The Return of Worldender,"August 13, 2017",S03E04,88,30
25,Vindicators 3: The Return of Worldender,"August 13, 2017",S03E04,93,30
25,Vindicators 3: The Return of Worldender,"August 13, 2017",S03E04,104,30
25,Vindicators 3: The Return of Worldender,"August 13, 2017",S03E04,125,30
25,Vindicators 3: The Return of Worldender,"August 13, 2017",S03E04,181,30
25,Vindicators 3: The Return of Worldender,"August 13, 2017",S03E04,198,30
25,Vindicators 3: The Return of Worldender,"August 13, 2017",S03E04,208,30
25,Vindicators 3: The Return of Worldender,"August 13, 2017",S03E04,216,30
25,Vindicators 3: The Return of Worldender,"August 13, 2017",S03E04,226,30
25,Vindicators 3: The Return of Worldender,"August 13, 2017",S03E04,251,30
25,Vindicators 3: The Return of Worldender,"August 13, 2017",S03E04,252,30
25,Vindicators 3: The Return of Worldender,"August 13, 2017",S03E04,282,30
25,Vindicators 3: The Return of Worldender,"August 13, 2017",S03E04,309,30
25,Vindicators 3: The Return of Worldender,"August 13, 2017",S03E04,311,30
25,Vindicators 3: The Return of Worldender,"August 13, 2017",S03E04,333,30
25,Vindicators 3: The Return of Worldender,"August 13, 2017",S03E04,340,30
25,Vindicators 3: The Return of Worldender,"August 13, 2017",S03E04,362,30
25,Vindicators 3: The Return of Worldender,"August 13, 2017",S03E04,375,30
25,Vindicators 3: The Return of Worldender,"August 13, 2017",S03E04,382,30
25,Vindicators 3: The Return of Worldender,"August 13, 2017",S03E04,395,30
25,Vindicators 3: The Return of Worldender,"August 13, 2017",S03E04,435,30
26,The Whirly Dirly Conspiracy,"August 20, 2017",S03E05,1,21
26,The Whirly Dirly Conspiracy,"August 20, 2017",S03E05,2,21
26,The Whirly Dirly Conspiracy,"August 20, 2017",S03E05,3,21
26,The Whirly Dirly Conspiracy,"August 20, 2017",S03E05,4,21
26,The Whirly Dirly Conspiracy,"August 20, 2017",S03E05,5,21
26,The Whirly Dirly Conspiracy,"August 20, 2017",S03E05,23,21
26,The Whirly Dirly Conspiracy,"August 20, 2017",S03E05,47,21
26,The Whirly Dirly Conspiracy,"August 20, 2017",S03E05,115,21
26,The Whirly Dirly Conspiracy,"August 20, 2017",S03E05,137,21
26,The Whirly Dirly Conspiracy,"August 20, 2017",S03E05,142,21
26,The Whirly Dirly Conspiracy,"August 20, 2017",S03E05,180,21
26,The Whirly Dirly Conspiracy,"August 20, 2017",S03E05,204,21
26,The Whirly Dirly Conspiracy,"August 20, 2017",S03E05,296,21
26,The Whirly Dirly Conspiracy,"August 20, 2017",S03E05,297,21
26,The Whirly Dirly Conspiracy,"August 20, 2017",S03E05,319,21
26,The Whirly Dirly Conspiracy,"August 20, 2017",S03E05,320,21
26,The Whirly Dirly Conspiracy,"August 20, 2017",S03E05,365,21
26,The Whirly Dirly Conspiracy,"August 20, 2017",S03E05,369,21
26,The Whirly Dirly Conspiracy,"August 20, 2017",S03E05,467,21
26,The Whirly Dirly Conspiracy,"August 20, 2017",S03E05,468,21
26,The Whirly Dirly Conspiracy,"August 20, 2017",S03E05,469,21
27,Rest and Ricklaxation,"August 27, 2017",S03E06,1,19
27,Rest and Ricklaxation,"August 27, 2017",S03E06,2,19
27,Rest and Ricklaxation,"August 27, 2017",S03E06,3,19
27,Rest and Ricklaxation,"August 27, 2017",S03E06,4,19
27,Rest and Ricklaxation,"August 27, 2017",S03E06,6,19
27,Rest and Ricklaxation,"August 27, 2017",S03E06,124,19
27,Rest and Ricklaxation,"August 27, 2017",S03E06,170,19
27,Rest and Ricklaxation,"August 27, 2017",S03E06,180,19
27,Rest and Ricklaxation,"August 27, 2017",S03E06,181,19
27,Rest and Ricklaxation,"August 27, 2017",S03E06,227,19
27,Rest and Ricklaxation,"August 27, 2017",S03E06,240,19
27,Rest and Ricklaxation,"August 27, 2017",S03E06,246,19
27,Rest and Ricklaxation,"August 27, 2017",S03E06,272,19
27,Rest and Ricklaxation,"August 27, 2017",S03E06,332,19
27,Rest and Ricklaxation,"August 27, 2017",S03E06,360,19
27,Rest and Ricklaxation,"August 27, 2017",S03E06,361,19
27,Rest and Ricklaxation,"August 27, 2017",S03E06,365,19
27,Rest and Ricklaxation,"August 27, 2017",S03E06,470,19
27,Rest and Ricklaxation,"August 27, 2017",S03E06,471,19
28,The Ricklantis Mixup,"September 10, 2017",S03E07,1,65
28,The Ricklantis Mixup,"September 10, 2017",S03E07,2,65
28,The Ricklantis Mixup,"September 10, 2017",S03E07,4,65
28,The Ricklantis Mixup,"September 10, 2017",S03E07,8,65
28,The Ricklantis Mixup,"September 10, 2017",S03E07,18,65
28,The Ricklantis Mixup,"September 10, 2017",S03E07,22,65
28,The Ricklantis Mixup,"September 10, 2017",S03E07,27,65
28,The Ricklantis Mixup,"September 10, 2017",S03E07,43,65
28,The Ricklantis Mixup,"September 10, 2017",S03E07,44,65
28,The Ricklantis Mixup,"September 10, 2017",S03E07,48,65
28,The Ricklantis Mixup,"September 10, 2017",S03E07,56,65
28,The Ricklantis Mixup,"September 10, 2017",S03E07,61,65
28,The Ricklantis Mixup,"September 10, 2017",S03E07,72,65
28,The Ricklantis Mixup,"September 10, 2017",S03E07,73,65
28,The Ricklantis Mixup,"September 10, 2017",S03E07,74,65
28,The Ricklantis Mixup,"September 10, 2017",S03E07,78,65
28,The Ricklantis Mixup,"September 10, 2017",S03E07,85,65
28,The Ricklantis Mixup,"September 10, 2017",S03E07,86,65
28,The Ricklantis Mixup,"September 10, 2017",S03E07,118,65
28,The Ricklantis Mixup,"September 10, 2017",S03E07,123,65
28,The Ricklantis Mixup,"September 10, 2017",S03E07,135,65
28,The Ricklantis Mixup,"September 10, 2017",S03E07,143,65
28,The Ricklantis Mixup,"September 10, 2017",S03E07,165,65
28,The Ricklantis Mixup,"September 10, 2017",S03E07,180,65
28,The Ricklantis Mixup,"September 10, 2017",S03E07,187,65
28,The Ricklantis Mixup,"September 10, 2017",S03E07,206,65
28,The Ricklantis Mixup,"September 10, 2017",S03E07,220,65
28,The Ricklantis Mixup,"September 10, 2017",S03E07,229,65
28,The Ricklantis Mixup,"September 10, 2017",S03E07,233,65
28,The Ricklantis Mixup,"September 10, 2017",S03E07,235,65
28,The Ricklantis Mixup,"September 10, 2017",S03E07,267,65
28,The Ricklantis Mixup,"September 10, 2017",S03E07,278,65
28,The Ricklantis Mixup,"September 10, 2017",S03E07,281,65
28,The Ricklantis Mixup,"September 10, 2017",S03E07,283,65
28,The Ricklantis Mixup,"September 10, 2017",S03E07,284,65
28,The Ricklantis Mixup,"September 10, 2017",S03E07,287,65
28,The Ricklantis Mixup,"September 10, 2017",S03E07,288,65
28,The Ricklantis Mixup,"September 10, 2017",S03E07,289,65
28,The Ricklantis Mixup,"September 10, 2017",S03E07,291,65
28,The Ricklantis Mixup,"September 10, 2017",S03E07,292,65
28,The Ricklantis Mixup,"September 10, 2017",S03E07,322,65
28,The Ricklantis Mixup,"September 10, 2017",S03E07,325,65
28,The Ricklantis Mixup,"September 10, 2017",S03E07,328,65
28,The Ricklantis Mixup,"September 10, 2017",S03E07,345,65
28,The Ricklantis Mixup,"September 10, 2017",S03E07,366,65
28,The Ricklantis Mixup,"September 10, 2017",S03E07,367,65
28,The Ricklantis Mixup,"September 10, 2017",S03E07,392,65
28,The Ricklantis Mixup,"September 10, 2017",S03E07,472,65
28,The Ricklantis Mixup,"September 10, 2017",S03E07,473,65
28,The Ricklantis Mixup,"September 10, 2017",S03E07,474,65
28,The Ricklantis Mixup,"September 10, 2017",S03E07,475,65
28,The Ricklantis Mixup,"September 10, 2017",S03E07,476,65
28,The Ricklantis Mixup,"September 10, 2017",S03E07,477,65
28,The Ricklantis Mixup,"September 10, 2017",S03E07,478,65
28,The Ricklantis Mixup,"September 10, 2017",S03E07,479,65
28,The Ricklantis Mixup,"September 10, 2017",S03E07,480,65
28,The Ricklantis Mixup,"September 10, 2017",S03E07,481,65
28,The Ricklantis Mixup,"September 10, 2017",S03E07,482,65
28,The Ricklantis Mixup,"September 10, 2017",S03E07,483,65
28,The Ricklantis Mixup,"September 10, 2017",S03E07,484,65
28,The Ricklantis Mixup,"September 10, 2017",S03E07,485,65
28,The Ricklantis Mixup,"September 10, 2017",S03E07,486,65
28,The Ricklantis Mixup,"September 10, 2017",S03E07,487,65
28,The Ricklantis Mixup,"September 10, 2017",S03E07,488,65
28,The Ricklantis Mixup,"September 10, 2017",S03E07,489,65
29,Morty's Mind Blowers,"September 17, 2017",S03E08,1,20
29,Morty's Mind Blowers,"September 17, 2017",S03E08,2,20
29,Morty's Mind Blowers,"September 17, 2017",S03E08,3,20
29,Morty's Mind Blowers,"September 17, 2017",S03E08,4,20
29,Morty's Mind Blowers,"September 17, 2017",S03E08,5,20
29,Morty's Mind Blowers,"September 17, 2017",S03E08,33,20
29,Morty's Mind Blowers,"September 17, 2017",S03E08,67,20
29,Morty's Mind Blowers,"September 17, 2017",S03E08,147,20
29,Morty's Mind Blowers,"September 17, 2017",S03E08,149,20
29,Morty's Mind Blowers,"September 17, 2017",S03E08,180,20
29,Morty's Mind Blowers,"September 17, 2017",S03E08,242,20
29,Morty's Mind Blowers,"September 17, 2017",S03E08,244,20
29,Morty's Mind Blowers,"September 17, 2017",S03E08,251,20
29,Morty's Mind Blowers,"September 17, 2017",S03E08,272,20
29,Morty's Mind Blowers,"September 17, 2017",S03E08,329,20
29,Morty's Mind Blowers,"September 17, 2017",S03E08,368,20
29,Morty's Mind Blowers,"September 17, 2017",S03E08,377,20
29,Morty's Mind Blowers,"September 17, 2017",S03E08,390,20
29,Morty's Mind Blowers,"September 17, 2017",S03E08,490,20
29,Morty's Mind Blowers,"September 17, 2017",S03E08,491,20
30,The ABC's of Beth,"September 24, 2017",S03E09,1,18
30,The ABC's of Beth,"September 24, 2017",S03E09,2,18
30,The ABC's of Beth,"September 24, 2017",S03E09,3,18
30,The ABC's of Beth,"September 24, 2017",S03E09,4,18
30,The ABC's of Beth,"September 24, 2017",S03E09,5,18
30,The ABC's of Beth,"September 24, 2017",S03E09,58,18
30,The ABC's of Beth,"September 24, 2017",S03E09,180,18
30,The ABC's of Beth,"September 24, 2017",S03E09,185,18
30,The ABC's of Beth,"September 24, 2017",S03E09,190,18
30,The ABC's of Beth,"September 24, 2017",S03E09,240,18
30,The ABC's of Beth,"September 24, 2017",S03E09,244,18
30,The ABC's of Beth,"September 24, 2017",S03E09,245,18
30,The ABC's of Beth,"September 24, 2017",S03E09,249,18
30,The ABC's of Beth,"September 24, 2017",S03E09,329,18
30,The ABC's of Beth,"September 24, 2017",S03E09,350,18
30,The ABC's of Beth,"September 24, 2017",S03E09,357,18
30,The ABC's of Beth,"September 24, 2017",S03E09,363,18
30,The ABC's of Beth,"September 24, 2017",S03E09,492,18
31,The Rickchurian Mortydate,"October 1, 2017",S03E10,1,14
31,The Rickchurian Mortydate,"October 1, 2017",S03E10,2,14
31,The Rickchurian Mortydate,"October 1, 2017",S03E10,3,14
31,The Rickchurian Mortydate,"October 1, 2017",S03E10,4,14
31,The Rickchurian Mortydate,"October 1, 2017",S03E10,5,14
31,The Rickchurian Mortydate,"October 1, 2017",S03E10,13,14
31,The Rickchurian Mortydate,"October 1, 2017",S03E10,30,14
31,The Rickchurian Mortydate,"October 1, 2017",S03E10,166,14
31,The Rickchurian Mortydate,"October 1, 2017",S03E10,244,14
31,The Rickchurian Mortydate,"October 1, 2017",S03E10,247,14
31,The Rickchurian Mortydate,"October 1, 2017",S03E10,269,14
31,The Rickchurian Mortydate,"October 1, 2017",S03E10,335,14
31,The Rickchurian Mortydate,"October 1, 2017",S03E10,347,14
31,The Rickchurian Mortydate,"October 1, 2017",S03E10,493,14
32,"Edge of Tomorty: Rick, Die, Rickpeat","November 10, 2019",S04E01,1,38
32,"Edge of Tomorty: Rick, Die, Rickpeat","November 10, 2019",S04E01,2,38
32,"Edge of Tomorty: Rick, Die, Rickpeat","November 10, 2019",S04E01,3,38
32,"Edge of Tomorty: Rick, Die, Rickpeat","November 10, 2019",S04E01,4,38
32,"Edge of Tomorty: Rick, Die, Rickpeat","November 10, 2019",S04E01,5,38
32,"Edge of Tomorty: Rick, Die, Rickpeat","November 10, 2019",S04E01,180,38
32,"Edge of Tomorty: Rick, Die, Rickpeat","November 10, 2019",S04E01,242,38
32,"Edge of Tomorty: Rick, Die, Rickpeat","November 10, 2019",S04E01,494,38
32,"Edge of Tomorty: Rick, Die, Rickpeat","November 10, 2019",S04E01,495,38
32,"Edge of Tomorty: Rick, Die, Rickpeat","November 10, 2019",S04E01,496,38
32,"Edge of Tomorty: Rick, Die, Rickpeat","November 10, 2019",S04E01,497,38
32,"Edge of Tomorty: Rick, Die, Rickpeat","November 10, 2019",S04E01,498,38
32,"Edge of Tomorty: Rick, Die, Rickpeat","November 10, 2019",S04E01,499,38
32,"Edge of Tomorty: Rick, Die, Rickpeat","November 10, 2019",S04E01,500,38
32,"Edge of Tomorty: Rick, Die, Rickpeat","November 10, 2019",S04E01,501,38
32,"Edge of Tomorty: Rick, Die, Rickpeat","November 10, 2019",S04E01,502,38
32,"Edge of Tomorty: Rick, Die, Rickpeat","November 10, 2019",S04E01,503,38
32,"Edge of Tomorty: Rick, Die, Rickpeat","November 10, 2019",S04E01,504,38
32,"Edge of Tomorty: Rick, Die, Rickpeat","November 10, 2019",S04E01,505,38
32,"Edge of Tomorty: Rick, Die, Rickpeat","November 10, 2019",S04E01,506,38
32,"Edge of Tomorty: Rick, Die, Rickpeat","November 10, 2019",S04E01,507,38
32,"Edge of Tomorty: Rick, Die, Rickpeat","November 10, 2019",S04E01,508,38
32,"Edge of Tomorty: Rick, Die, Rickpeat","November 10, 2019",S04E01,509,38
32,"Edge of Tomorty: Rick, Die, Rickpeat","November 10, 2019",S04E01,510,38
32,"Edge of Tomorty: Rick, Die, Rickpeat","November 10, 2019",S04E01,511,38
32,"Edge of Tomorty: Rick, Die, Rickpeat","November 10, 2019",S04E01,512,38
32,"Edge of Tomorty: Rick, Die, Rickpeat","November 10, 2019",S04E01,513,38
32,"Edge of Tomorty: Rick, Die, Rickpeat","November 10, 2019",S04E01,514,38
32,"Edge of Tomorty: Rick, Die, Rickpeat","November 10, 2019",S04E01,515,38
32,"Edge of Tomorty: Rick, Die, Rickpeat","November 10, 2019",S04E01,516,38
32,"Edge of Tomorty: Rick, Die, Rickpeat","November 10, 2019",S04E01,517,38
32,"Edge of Tomorty: Rick, Die, Rickpeat","November 10, 2019",S04E01,518,38
32,"Edge of Tomorty: Rick, Die, Rickpeat","November 10, 2019",S04E01,519,38
32,"Edge of Tomorty: Rick, Die, Rickpeat","November 10, 2019",S04E01,520,38
32,"Edge of Tomorty: Rick, Die, Rickpeat","November 10, 2019",S04E01,521,38
32,"Edge of Tomorty: Rick, Die, Rickpeat","November 10, 2019",S04E01,522,38
32,"Edge of Tomorty: Rick, Die, Rickpeat","November 10, 2019",S04E01,523,38
32,"Edge of Tomorty: Rick, Die, Rickpeat","November 10, 2019",S04E01,524,38
33,The Old Man and the Seat,"November 17, 2019",S04E02,1,24
33,The Old Man and the Seat,"November 17, 2019",S04E02,2,24
33,The Old Man and the Seat,"November 17, 2019",S04E02,3,24
33,The Old Man and the Seat,"November 17, 2019",S04E02,4,24
33,The Old Man and the Seat,"November 17, 2019",S04E02,5,24
33,The Old Man and the Seat,"November 17, 2019",S04E02,525,24
33,The Old Man and the Seat,"November 17, 2019",S04E02,526,24
33,The Old Man and the Seat,"November 17, 2019",S04E02,527,24
33,The Old Man and the Seat,"November 17, 2019",S04E02,528,24
33,The Old Man and the Seat,"November 17, 2019",S04E02,529,24
33,The Old Man and the Seat,"November 17, 2019",S04E02,530,24
33,The Old Man and the Seat,"November 17, 2019",S04E02,531,24
33,The Old Man and the Seat,"November 17, 2019",S04E02,532,24
33,The Old Man and the Seat,"November 17, 2019",S04E02,533,24
33,The Old Man and the Seat,"November 17, 2019",S04E02,534,24
33,The Old Man and the Seat,"November 17, 2019",S04E02,535,24
33,The Old Man and the Seat,"November 17, 2019",S04E02,536,24
33,The Old Man and the Seat,"November 17, 2019",S04E02,537,24
33,The Old Man and the Seat,"November 17, 2019",S04E02,538,24
33,The Old Man and the Seat,"November 17, 2019",S04E02,539,24
33,The Old Man and the Seat,"November 17, 2019",S04E02,540,24
33,The Old Man and the Seat,"November 17, 2019",S04E02,541,24
33,The Old Man and the Seat,"November 17, 2019",S04E02,542,24
33,The Old Man and the Seat,"November 17, 2019",S04E02,543,24
34,One Crew Over the Crewcoo's Morty,"November 24, 2019",S04E03,1,23
34,One Crew Over the Crewcoo's Morty,"November 24, 2019",S04E03,2,23
34,One Crew Over the Crewcoo's Morty,"November 24, 2019",S04E03,3,23
34,One Crew Over the Crewcoo's Morty,"November 24, 2019",S04E03,4,23
34,One Crew Over the Crewcoo's Morty,"November 24, 2019",S04E03,244,23
34,One Crew Over the Crewcoo's Morty,"November 24, 2019",S04E03,544,23
34,One Crew Over the Crewcoo's Morty,"November 24, 2019",S04E03,545,23
34,One Crew Over the Crewcoo's Morty,"November 24, 2019",S04E03,546,23
34,One Crew Over the Crewcoo's Morty,"November 24, 2019",S04E03,547,23
34,One Crew Over the Crewcoo's Morty,"November 24, 2019",S04E03,548,23
34,One Crew Over the Crewcoo's Morty,"November 24, 2019",S04E03,549,23
34,One Crew Over the Crewcoo's Morty,"November 24, 2019",S04E03,550,23
34,One Crew Over the Crewcoo's Morty,"November 24, 2019",S04E03,551,23
34,One Crew Over the Crewcoo's Morty,"November 24, 2019",S04E03,552,23
34,One Crew Over the Crewcoo's Morty,"November 24, 2019",S04E03,553,23
34,One Crew Over the Crewcoo's Morty,"November 24, 2019",S04E03,554,23
34,One Crew Over the Crewcoo's Morty,"November 24, 2019",S04E03,555,23
34,One Crew Over the Crewcoo's Morty,"November 24, 2019",S04E03,556,23
34,One Crew Over the Crewcoo's Morty,"November 24, 2019",S04E03,557,23
34,One Crew Over the Crewcoo's Morty,"November 24, 2019",S04E03,558,23
34,One Crew Over the Crewcoo's Morty,"November 24, 2019",S04E03,559,23
34,One Crew Over the Crewcoo's Morty,"November 24, 2019",S04E03,560,23
34,One Crew Over the Crewcoo's Morty,"November 24, 2019",S04E03,561,23
35,Claw and Hoarder: Special Ricktim's Morty,"December 8, 2019",S04E04,1,14
35,Claw and Hoarder: Special Ricktim's Morty,"December 8, 2019",S04E04,2,14
35,Claw and Hoarder: Special Ricktim's Morty,"December 8, 2019",S04E04,3,14
35,Claw and Hoarder: Special Ricktim's Morty,"December 8, 2019",S04E04,4,14
35,Claw and Hoarder: Special Ricktim's Morty,"December 8, 2019",S04E04,5,14
35,Claw and Hoarder: Special Ricktim's Morty,"December 8, 2019",S04E04,562,14
35,Claw and Hoarder: Special Ricktim's Morty,"December 8, 2019",S04E04,563,14
35,Claw and Hoarder: Special Ricktim's Morty,"December 8, 2019",S04E04,564,14
35,Claw and Hoarder: Special Ricktim's Morty,"December 8, 2019",S04E04,565,14
35,Claw and Hoarder: Special Ricktim's Morty,"December 8, 2019",S04E04,566,14
35,Claw and Hoarder: Special Ricktim's Morty,"December 8, 2019",S04E04,567,14
35,Claw and Hoarder: Special Ricktim's Morty,"December 8, 2019",S04E04,568,14
35,Claw and Hoarder: Special Ricktim's Morty,"December 8, 2019",S04E04,569,14
35,Claw and Hoarder: Special Ricktim's Morty,"December 8, 2019",S04E04,570,14
36,Rattlestar Ricklactica,"December 15, 2019",S04E05,1,29
36,Rattlestar Ricklactica,"December 15, 2019",S04E05,2,29
36,Rattlestar Ricklactica,"December 15, 2019",S04E05,3,29
36,Rattlestar Ricklactica,"December 15, 2019",S04E05,4,29
36,Rattlestar Ricklactica,"December 15, 2019",S04E05,5,29
36,Rattlestar Ricklactica,"December 15, 2019",S04E05,251,29
36,Rattlestar Ricklactica,"December 15, 2019",S04E05,313,29
36,Rattlestar Ricklactica,"December 15, 2019",S04E05,365,29
36,Rattlestar Ricklactica,"December 15, 2019",S04E05,571,29
36,Rattlestar Ricklactica,"December 15, 2019",S04E05,572,29
36,Rattlestar Ricklactica,"December 15, 2019",S04E05,573,29
36,Rattlestar Ricklactica,"December 15, 2019",S04E05,574,29
36,Rattlestar Ricklactica,"December 15, 2019",S04E05,575,29
36,Rattlestar Ricklactica,"December 15, 2019",S04E05,576,29
36,Rattlestar Ricklactica,"December 15, 2019",S04E05,577,29
36,Rattlestar Ricklactica,"December 15, 2019",S04E05,578,29
36,Rattlestar Ricklactica,"December 15, 2019",S04E05,579,29
36,Rattlestar Ricklactica,"December 15, 2019",S04E05,580,29
36,Rattlestar Ricklactica,"December 15, 2019",S04E05,581,29
36,Rattlestar Ricklactica,"December 15, 2019",S04E05,582,29
36,Rattlestar Ricklactica,"December 15, 2019",S04E05,583,29
36,Rattlestar Ricklactica,"December 15, 2019",S04E05,584,29
36,Rattlestar Ricklactica,"December 15, 2019",S04E05,585,29
36,Rattlestar Ricklactica,"December 15, 2019",S04E05,586,29
36,Rattlestar Ricklactica,"December 15, 2019",S04E05,587,29
36,Rattlestar Ricklactica,"December 15, 2019",S04E05,588,29
36,Rattlestar Ricklactica,"December 15, 2019",S04E05,589,29
36,Rattlestar Ricklactica,"December 15, 2019",S04E05,590,29
36,Rattlestar Ricklactica,"December 15, 2019",S04E05,591,29
37,Never Ricking Morty,"May 3, 2020",S04E06,593,49
37,Never Ricking Morty,"May 3, 2020",S04E06,594,49
37,Never Ricking Morty,"May 3, 2020",S04E06,595,49
37,Never Ricking Morty,"May 3, 2020",S04E06,596,49
37,Never Ricking Morty,"May 3, 2020",S04E06,597,49
37,Never Ricking Morty,"May 3, 2020",S04E06,598,49
37,Never Ricking Morty,"May 3, 2020",S04E06,599,49
37,Never Ricking Morty,"May 3, 2020",S04E06,600,49
37,Never Ricking Morty,"May 3, 2020",S04E06,601,49
37,Never Ricking Morty,"May 3, 2020",S04E06,602,49
37,Never Ricking Morty,"May 3, 2020",S04E06,603,49
37,Never Ricking Morty,"May 3, 2020",S04E06,604,49
37,Never Ricking Morty,"May 3, 2020",S04E06,605,49
37,Never Ricking Morty,"May 3, 2020",S04E06,606,49
37,Never Ricking Morty,"May 3, 2020",S04E06,607,49
37,Never Ricking Morty,"May 3, 2020",S04E06,608,49
37,Never Ricking Morty,"May 3, 2020",S04E06,609,49
37,Never Ricking Morty,"May 3, 2020",S04E06,610,49
37,Never Ricking Morty,"May 3, 2020",S04E06,611,49
37,Never Ricking Morty,"May 3, 2020",S04E06,612,49
37,Never Ricking Morty,"May 3, 2020",S04E06,613,49
37,Never Ricking Morty,"May 3, 2020",S04E06,614,49
37,Never Ricking Morty,"May 3, 2020",S04E06,615,49
37,Never Ricking Morty,"May 3, 2020",S04E06,616,49
37,Never Ricking Morty,"May 3, 2020",S04E06,617,49
37,Never Ricking Morty,"May 3, 2020",S04E06,618,49
37,Never Ricking Morty,"May 3, 2020",S04E06,619,49
37,Never Ricking Morty,"May 3, 2020",S04E06,620,49
37,Never Ricking Morty,"May 3, 2020",S04E06,621,49
37,Never Ricking Morty,"May 3, 2020",S04E06,622,49
37,Never Ricking Morty,"May 3, 2020",S04E06,623,49
37,Never Ricking Morty,"May 3, 2020",S04E06,624,49
37,Never Ricking Morty,"May 3, 2020",S04E06,625,49
37,Never Ricking Morty,"May 3, 2020",S04E06,626,49
37,Never Ricking Morty,"May 3, 2020",S04E06,627,49
37,Never Ricking Morty,"May 3, 2020",S04E06,628,49
37,Never Ricking Morty,"May 3, 2020",S04E06,629,49
37,Never Ricking Morty,"May 3, 2020",S04E06,630,49
37,Never Ricking Morty,"May 3, 2020",S04E06,631,49
37,Never Ricking Morty,"May 3, 2020",S04E06,632,49
37,Never Ricking Morty,"May 3, 2020",S04E06,633,49
37,Never Ricking Morty,"May 3, 2020",S04E06,634,49
37,Never Ricking Morty,"May 3, 2020",S04E06,635,49
37,Never Ricking Morty,"May 3, 2020",S04E06,636,49
37,Never Ricking Morty,"May 3, 2020",S04E06,637,49
37,Never Ricking Morty,"May 3, 2020",S04E06,638,49
37,Never Ricking Morty,"May 3, 2020",S04E06,639,49
37,Never Ricking Morty,"May 3, 2020",S04E06,1,49
37,Never Ricking Morty,"May 3, 2020",S04E06,2,49
38,Promortyus,"May 10, 2020",S04E07,640,14
38,Promortyus,"May 10, 2020",S04E07,641,14
38,Promortyus,"May 10, 2020",S04E07,642,14
38,Promortyus,"May 10, 2020",S04E07,643,14
38,Promortyus,"May 10, 2020",S04E07,644,14
38,Promortyus,"May 10, 2020",S04E07,645,14
38,Promortyus,"May 10, 2020",S04E07,646,14
38,Promortyus,"May 10, 2020",S04E07,647,14
38,Promortyus,"May 10, 2020",S04E07,1,14
38,Promortyus,"May 10, 2020",S04E07,2,14
38,Promortyus,"May 10, 2020",S04E07,3,14
38,Promortyus,"May 10, 2020",S04E07,4,14
38,Promortyus,"May 10, 2020",S04E07,5,14
38,Promortyus,"May 10, 2020",S04E07,365,14
39,The Vat of Acid Episode,"May 17, 2020",S04E08,1,21
39,The Vat of Acid Episode,"May 17, 2020",S04E08,2,21
39,The Vat of Acid Episode,"May 17, 2020",S04E08,4,21
39,The Vat of Acid Episode,"May 17, 2020",S04E08,3,21
39,The Vat of Acid Episode,"May 17, 2020",S04E08,5,21
39,The Vat of Acid Episode,"May 17, 2020",S04E08,240,21
39,The Vat of Acid Episode,"May 17, 2020",S04E08,180,21
39,The Vat of Acid Episode,"May 17, 2020",S04E08,648,21
39,The Vat of Acid Episode,"May 17, 2020",S04E08,649,21
39,The Vat of Acid Episode,"May 17, 2020",S04E08,650,21
39,The Vat of Acid Episode,"May 17, 2020",S04E08,651,21
39,The Vat of Acid Episode,"May 17, 2020",S04E08,652,21
39,The Vat of Acid Episode,"May 17, 2020",S04E08,653,21
39,The Vat of Acid Episode,"May 17, 2020",S04E08,654,21
39,The Vat of Acid Episode,"May 17, 2020",S04E08,655,21
39,The Vat of Acid Episode,"May 17, 2020",S04E08,656,21
39,The Vat of Acid Episode,"May 17, 2020",S04E08,657,21
39,The Vat of Acid Episode,"May 17, 2020",S04E08,658,21
39,The Vat of Acid Episode,"May 17, 2020",S04E08,659,21
39,The Vat of Acid Episode,"May 17, 2020",S04E08,660,21
39,The Vat of Acid Episode,"May 17, 2020",S04E08,661,21
40,Childrick of Mort,"May 24, 2020",S04E09,1,10
40,Childrick of Mort,"May 24, 2020",S04E09,2,10
40,Childrick of Mort,"May 24, 2020",S04E09,3,10
40,Childrick of Mort,"May 24, 2020",S04E09,4,10
40,Childrick of Mort,"May 24, 2020",S04E09,5,10
40,Childrick of Mort,"May 24, 2020",S04E09,662,10
40,Childrick of Mort,"May 24, 2020",S04E09,663,10
40,Childrick of Mort,"May 24, 2020",S04E09,664,10
40,Childrick of Mort,"May 24, 2020",S04E09,665,10
40,Childrick of Mort,"May 24, 2020",S04E09,666,10
41,Star Mort: Rickturn of the Jerri,"May 31, 2020",S04E10,1,13
41,Star Mort: Rickturn of the Jerri,"May 31, 2020",S04E10,2,13
41,Star Mort: Rickturn of the Jerri,"May 31, 2020",S04E10,3,13
41,Star Mort: Rickturn of the Jerri,"May 31, 2020",S04E10,4,13
41,Star Mort: Rickturn of the Jerri,"May 31, 2020",S04E10,5,13
41,Star Mort: Rickturn of the Jerri,"May 31, 2020",S04E10,107,13
41,Star Mort: Rickturn of the Jerri,"May 31, 2020",S04E10,344,13
41,Star Mort: Rickturn of the Jerri,"May 31, 2020",S04E10,592,13
41,Star Mort: Rickturn of the Jerri,"May 31, 2020",S04E10,667,13
41,Star Mort: Rickturn of the Jerri,"May 31, 2020",S04E10,668,13
41,Star Mort: Rickturn of the Jerri,"May 31, 2020",S04E10,669,13
41,Star Mort: Rickturn of the Jerri,"May 31, 2020",S04E10,670,13
41,Star Mort: Rickturn of the Jerri,"May 31, 2020",S04E10,671,13
42,Mort Dinner Rick Andre,"June 20, 2021",S05E01,1,21
42,Mort Dinner Rick Andre,"June 20, 2021",S05E01,2,21
42,Mort Dinner Rick Andre,"June 20, 2021",S05E01,5,21
42,Mort Dinner Rick Andre,"June 20, 2021",S05E01,4,21
42,Mort Dinner Rick Andre,"June 20, 2021",S05E01,3,21
42,Mort Dinner Rick Andre,"June 20, 2021",S05E01,180,21
42,Mort Dinner Rick Andre,"June 20, 2021",S05E01,672,21
42,Mort Dinner Rick Andre,"June 20, 2021",S05E01,673,21
42,Mort Dinner Rick Andre,"June 20, 2021",S05E01,674,21
42,Mort Dinner Rick Andre,"June 20, 2021",S05E01,675,21
42,Mort Dinner Rick Andre,"June 20, 2021",S05E01,676,21
42,Mort Dinner Rick Andre,"June 20, 2021",S05E01,677,21
42,Mort Dinner Rick Andre,"June 20, 2021",S05E01,678,21
42,Mort Dinner Rick Andre,"June 20, 2021",S05E01,679,21
42,Mort Dinner Rick Andre,"June 20, 2021",S05E01,680,21
42,Mort Dinner Rick Andre,"June 20, 2021",S05E01,681,21
42,Mort Dinner Rick Andre,"June 20, 2021",S05E01,682,21
42,Mort Dinner Rick Andre,"June 20, 2021",S05E01,683,21
42,Mort Dinner Rick Andre,"June 20, 2021",S05E01,684,21
42,Mort Dinner Rick Andre,"June 20, 2021",S05E01,685,21
42,Mort Dinner Rick Andre,"June 20, 2021",S05E01,686,21
43,Mortyplicity,"June 27, 2021",S05E02,1,37
43,Mortyplicity,"June 27, 2021",S05E02,2,37
43,Mortyplicity,"June 27, 2021",S05E02,5,37
43,Mortyplicity,"June 27, 2021",S05E02,4,37
43,Mortyplicity,"June 27, 2021",S05E02,3,37
43,Mortyplicity,"June 27, 2021",S05E02,687,37
43,Mortyplicity,"June 27, 2021",S05E02,688,37
43,Mortyplicity,"June 27, 2021",S05E02,689,37
43,Mortyplicity,"June 27, 2021",S05E02,690,37
43,Mortyplicity,"June 27, 2021",S05E02,691,37
43,Mortyplicity,"June 27, 2021",S05E02,692,37
43,Mortyplicity,"June 27, 2021",S05E02,693,37
43,Mortyplicity,"June 27, 2021",S05E02,694,37
43,Mortyplicity,"June 27, 2021",S05E02,695,37
43,Mortyplicity,"June 27, 2021",S05E02,696,37
43,Mortyplicity,"June 27, 2021",S05E02,697,37
43,Mortyplicity,"June 27, 2021",S05E02,698,37
43,Mortyplicity,"June 27, 2021",S05E02,699,37
43,Mortyplicity,"June 27, 2021",S05E02,700,37
43,Mortyplicity,"June 27, 2021",S05E02,701,37
43,Mortyplicity,"June 27, 2021",S05E02,702,37
43,Mortyplicity,"June 27, 2021",S05E02,703,37
43,Mortyplicity,"June 27, 2021",S05E02,704,37
43,Mortyplicity,"June 27, 2021",S05E02,705,37
43,Mortyplicity,"June 27, 2021",S05E02,706,37
43,Mortyplicity,"June 27, 2021",S05E02,707,37
43,Mortyplicity,"June 27, 2021",S05E02,708,37
43,Mortyplicity,"June 27, 2021",S05E02,709,37
43,Mortyplicity,"June 27, 2021",S05E02,710,37
43,Mortyplicity,"June 27, 2021",S05E02,711,37
43,Mortyplicity,"June 27, 2021",S05E02,347,37
43,Mortyplicity,"June 27, 2021",S05E02,667,37
43,Mortyplicity,"June 27, 2021",S05E02,712,37
43,Mortyplicity,"June 27, 2021",S05E02,713,37
43,Mortyplicity,"June 27, 2021",S05E02,714,37
43,Mortyplicity,"June 27, 2021",S05E02,715,37
43,Mortyplicity,"June 27, 2021",S05E02,716,37
44,A Rickconvenient Mort,"July 4, 2021",S05E03,1,17
44,A Rickconvenient Mort,"July 4, 2021",S05E03,2,17
44,A Rickconvenient Mort,"July 4, 2021",S05E03,5,17
44,A Rickconvenient Mort,"July 4, 2021",S05E03,4,17
44,A Rickconvenient Mort,"July 4, 2021",S05E03,3,17
44,A Rickconvenient Mort,"July 4, 2021",S05E03,717,17
44,A Rickconvenient Mort,"July 4, 2021",S05E03,718,17
44,A Rickconvenient Mort,"July 4, 2021",S05E03,719,17
44,A Rickconvenient Mort,"July 4, 2021",S05E03,720,17
44,A Rickconvenient Mort,"July 4, 2021",S05E03,721,17
44,A Rickconvenient Mort,"July 4, 2021",S05E03,722,17
44,A Rickconvenient Mort,"July 4, 2021",S05E03,723,17
44,A Rickconvenient Mort,"July 4, 2021",S05E03,724,17
44,A Rickconvenient Mort,"July 4, 2021",S05E03,725,17
44,A Rickconvenient Mort,"July 4, 2021",S05E03,797,17
44,A Rickconvenient Mort,"July 4, 2021",S05E03,798,17
44,A Rickconvenient Mort,"July 4, 2021",S05E03,799,17
45,Rickdependence Spray,"July 11, 2021",S05E04,1,23
45,Rickdependence Spray,"July 11, 2021",S05E04,2,23
45,Rickdependence Spray,"July 11, 2021",S05E04,5,23
45,Rickdependence Spray,"July 11, 2021",S05E04,4,23
45,Rickdependence Spray,"July 11, 2021",S05E04,3,23
45,Rickdependence Spray,"July 11, 2021",S05E04,347,23
45,Rickdependence Spray,"July 11, 2021",S05E04,726,23
45,Rickdependence Spray,"July 11, 2021",S05E04,727,23
45,Rickdependence Spray,"July 11, 2021",S05E04,728,23
45,Rickdependence Spray,"July 11, 2021",S05E04,729,23
45,Rickdependence Spray,"July 11, 2021",S05E04,730,23
45,Rickdependence Spray,"July 11, 2021",S05E04,731,23
45,Rickdependence Spray,"July 11, 2021",S05E04,732,23
45,Rickdependence Spray,"July 11, 2021",S05E04,733,23
45,Rickdependence Spray,"July 11, 2021",S05E04,734,23
45,Rickdependence Spray,"July 11, 2021",S05E04,735,23
45,Rickdependence Spray,"July 11, 2021",S05E04,736,23
45,Rickdependence Spray,"July 11, 2021",S05E04,737,23
45,Rickdependence Spray,"July 11, 2021",S05E04,738,23
45,Rickdependence Spray,"July 11, 2021",S05E04,739,23
45,Rickdependence Spray,"July 11, 2021",S05E04,740,23
45,Rickdependence Spray,"July 11, 2021",S05E04,741,23
45,Rickdependence Spray,"July 11, 2021",S05E04,757,23
46,Amortycan Grickfitti,"July 18, 2021",S05E05,1,18
46,Amortycan Grickfitti,"July 18, 2021",S05E05,2,18
46,Amortycan Grickfitti,"July 18, 2021",S05E05,5,18
46,Amortycan Grickfitti,"July 18, 2021",S05E05,4,18
46,Amortycan Grickfitti,"July 18, 2021",S05E05,3,18
46,Amortycan Grickfitti,"July 18, 2021",S05E05,742,18
46,Amortycan Grickfitti,"July 18, 2021",S05E05,743,18
46,Amortycan Grickfitti,"July 18, 2021",S05E05,744,18
46,Amortycan Grickfitti,"July 18, 2021",S05E05,745,18
46,Amortycan Grickfitti,"July 18, 2021",S05E05,746,18
46,Amortycan Grickfitti,"July 18, 2021",S05E05,747,18
46,Amortycan Grickfitti,"July 18, 2021",S05E05,748,18
46,Amortycan Grickfitti,"July 18, 2021",S05E05,749,18
46,Amortycan Grickfitti,"July 18, 2021",S05E05,750,18
46,Amortycan Grickfitti,"July 18, 2021",S05E05,751,18
46,Amortycan Grickfitti,"July 18, 2021",S05E05,752,18
46,Amortycan Grickfitti,"July 18, 2021",S05E05,58,18
46,Amortycan Grickfitti,"July 18, 2021",S05E05,365,18
47,Rick & Morty's Thanksploitation Spectacular,"July 25, 2021",S05E06,1,23
47,Rick & Morty's Thanksploitation Spectacular,"July 25, 2021",S05E06,2,23
47,Rick & Morty's Thanksploitation Spectacular,"July 25, 2021",S05E06,5,23
47,Rick & Morty's Thanksploitation Spectacular,"July 25, 2021",S05E06,4,23
47,Rick & Morty's Thanksploitation Spectacular,"July 25, 2021",S05E06,3,23
47,Rick & Morty's Thanksploitation Spectacular,"July 25, 2021",S05E06,347,23
47,Rick & Morty's Thanksploitation Spectacular,"July 25, 2021",S05E06,753,23
47,Rick & Morty's Thanksploitation Spectacular,"July 25, 2021",S05E06,754,23
47,Rick & Morty's Thanksploitation Spectacular,"July 25, 2021",S05E06,756,23
47,Rick & Morty's Thanksploitation Spectacular,"July 25, 2021",S05E06,755,23
47,Rick & Morty's Thanksploitation Spectacular,"July 25, 2021",S05E06,757,23
47,Rick & Morty's Thanksploitation Spectacular,"July 25, 2021",S05E06,758,23
47,Rick & Morty's Thanksploitation Spectacular,"July 25, 2021",S05E06,759,23
47,Rick & Morty's Thanksploitation Spectacular,"July 25, 2021",S05E06,760,23
47,Rick & Morty's Thanksploitation Spectacular,"July 25, 2021",S05E06,761,23
47,Rick & Morty's Thanksploitation Spectacular,"July 25, 2021",S05E06,762,23
47,Rick & Morty's Thanksploitation Spectacular,"July 25, 2021",S05E06,763,23
47,Rick & Morty's Thanksploitation Spectacular,"July 25, 2021",S05E06,764,23
47,Rick & Morty's Thanksploitation Spectacular,"July 25, 2021",S05E06,765,23
47,Rick & Morty's Thanksploitation Spectacular,"July 25, 2021",S05E06,766,23
47,Rick & Morty's Thanksploitation Spectacular,"July 25, 2021",S05E06,767,23
47,Rick & Morty's Thanksploitation Spectacular,"July 25, 2021",S05E06,768,23
47,Rick & Morty's Thanksploitation Spectacular,"July 25, 2021",S05E06,800,23
48,Gotron Jerrysis Rickvangelion,"August 1, 2021",S05E07,1,21
48,Gotron Jerrysis Rickvangelion,"August 1, 2021",S05E07,2,21
48,Gotron Jerrysis Rickvangelion,"August 1, 2021",S05E07,5,21
48,Gotron Jerrysis Rickvangelion,"August 1, 2021",S05E07,4,21
48,Gotron Jerrysis Rickvangelion,"August 1, 2021",S05E07,3,21
48,Gotron Jerrysis Rickvangelion,"August 1, 2021",S05E07,731,21
48,Gotron Jerrysis Rickvangelion,"August 1, 2021",S05E07,769,21
48,Gotron Jerrysis Rickvangelion,"August 1, 2021",S05E07,770,21
48,Gotron Jerrysis Rickvangelion,"August 1, 2021",S05E07,771,21
48,Gotron Jerrysis Rickvangelion,"August 1, 2021",S05E07,772,21
48,Gotron Jerrysis Rickvangelion,"August 1, 2021",S05E07,773,21
48,Gotron Jerrysis Rickvangelion,"August 1, 2021",S05E07,774,21
48,Gotron Jerrysis Rickvangelion,"August 1, 2021",S05E07,775,21
48,Gotron Jerrysis Rickvangelion,"August 1, 2021",S05E07,776,21
48,Gotron Jerrysis Rickvangelion,"August 1, 2021",S05E07,777,21
48,Gotron Jerrysis Rickvangelion,"August 1, 2021",S05E07,778,21
48,Gotron Jerrysis Rickvangelion,"August 1, 2021",S05E07,203,21
48,Gotron Jerrysis Rickvangelion,"August 1, 2021",S05E07,794,21
48,Gotron Jerrysis Rickvangelion,"August 1, 2021",S05E07,795,21
48,Gotron Jerrysis Rickvangelion,"August 1, 2021",S05E07,796,21
48,Gotron Jerrysis Rickvangelion,"August 1, 2021",S05E07,821,21
49,Rickternal Friendshine of the Spotless Mort,"August 8, 2021",S05E08,1,16
49,Rickternal Friendshine of the Spotless Mort,"August 8, 2021",S05E08,2,16
49,Rickternal Friendshine of the Spotless Mort,"August 8, 2021",S05E08,5,16
49,Rickternal Friendshine of the Spotless Mort,"August 8, 2021",S05E08,4,16
49,Rickternal Friendshine of the Spotless Mort,"August 8, 2021",S05E08,3,16
49,Rickternal Friendshine of the Spotless Mort,"August 8, 2021",S05E08,47,16
49,Rickternal Friendshine of the Spotless Mort,"August 8, 2021",S05E08,592,16
49,Rickternal Friendshine of the Spotless Mort,"August 8, 2021",S05E08,779,16
49,Rickternal Friendshine of the Spotless Mort,"August 8, 2021",S05E08,780,16
49,Rickternal Friendshine of the Spotless Mort,"August 8, 2021",S05E08,137,16
49,Rickternal Friendshine of the Spotless Mort,"August 8, 2021",S05E08,781,16
49,Rickternal Friendshine of the Spotless Mort,"August 8, 2021",S05E08,782,16
49,Rickternal Friendshine of the Spotless Mort,"August 8, 2021",S05E08,783,16
49,Rickternal Friendshine of the Spotless Mort,"August 8, 2021",S05E08,784,16
49,Rickternal Friendshine of the Spotless Mort,"August 8, 2021",S05E08,785,16
49,Rickternal Friendshine of the Spotless Mort,"August 8, 2021",S05E08,786,16
50,Forgetting Sarick Mortshall,"September 5, 2021",S05E09,1,10
50,Forgetting Sarick Mortshall,"September 5, 2021",S05E09,2,10
50,Forgetting Sarick Mortshall,"September 5, 2021",S05E09,5,10
50,Forgetting Sarick Mortshall,"September 5, 2021",S05E09,787,10
50,Forgetting Sarick Mortshall,"September 5, 2021",S05E09,788,10
50,Forgetting Sarick Mortshall,"September 5, 2021",S05E09,789,10
50,Forgetting Sarick Mortshall,"September 5, 2021",S05E09,790,10
50,Forgetting Sarick Mortshall,"September 5, 2021",S05E09,791,10
50,Forgetting Sarick Mortshall,"September 5, 2021",S05E09,792,10
50,Forgetting Sarick Mortshall,"September 5, 2021",S05E09,793,10
51,Rickmurai Jack,"September 5, 2021",S05E10,1,42
51,Rickmurai Jack,"September 5, 2021",S05E10,2,42
51,Rickmurai Jack,"September 5, 2021",S05E10,5,42
51,Rickmurai Jack,"September 5, 2021",S05E10,4,42
51,Rickmurai Jack,"September 5, 2021",S05E10,3,42
51,Rickmurai Jack,"September 5, 2021",S05E10,47,42
51,Rickmurai Jack,"September 5, 2021",S05E10,787,42
51,Rickmurai Jack,"September 5, 2021",S05E10,118,42
51,Rickmurai Jack,"September 5, 2021",S05E10,801,42
51,Rickmurai Jack,"September 5, 2021",S05E10,802,42
51,Rickmurai Jack,"September 5, 2021",S05E10,803,42
51,Rickmurai Jack,"September 5, 2021",S05E10,804,42
51,Rickmurai Jack,"September 5, 2021",S05E10,805,42
51,Rickmurai Jack,"September 5, 2021",S05E10,806,42
51,Rickmurai Jack,"September 5, 2021",S05E10,94,42
51,Rickmurai Jack,"September 5, 2021",S05E10,807,42
51,Rickmurai Jack,"September 5, 2021",S05E10,808,42
51,Rickmurai Jack,"September 5, 2021",S05E10,809,42
51,Rickmurai Jack,"September 5, 2021",S05E10,810,42
51,Rickmurai Jack,"September 5, 2021",S05E10,244,42
51,Rickmurai Jack,"September 5, 2021",S05E10,285,42
51,Rickmurai Jack,"September 5, 2021",S05E10,274,42
51,Rickmurai Jack,"September 5, 2021",S05E10,215,42
51,Rickmurai Jack,"September 5, 2021",S05E10,294,42
51,Rickmurai Jack,"September 5, 2021",S05E10,389,42
51,Rickmurai Jack,"September 5, 2021",S05E10,380,42
51,Rickmurai Jack,"September 5, 2021",S05E10,38,42
51,Rickmurai Jack,"September 5, 2021",S05E10,811,42
51,Rickmurai Jack,"September 5, 2021",S05E10,812,42
51,Rickmurai Jack,"September 5, 2021",S05E10,392,42
51,Rickmurai Jack,"September 5, 2021",S05E10,813,42
51,Rickmurai Jack,"September 5, 2021",S05E10,814,42
51,Rickmurai Jack,"September 5, 2021",S05E10,815,42
51,Rickmurai Jack,"September 5, 2021",S05E10,816,42
51,Rickmurai Jack,"September 5, 2021",S05E10,817,42
51,Rickmurai Jack,"September 5, 2021",S05E10,818,42
51,Rickmurai Jack,"September 5, 2021",S05E10,819,42
51,Rickmurai Jack,"September 5, 2021",S05E10,820,42
51,Rickmurai Jack,"September 5, 2021",S05E10,822,42
51,Rickmurai Jack,"September 5, 2021",S05E10,823,42
51,Rickmurai Jack,"September 5, 2021",S05E10,824,42
51,Rickmurai Jack,"September 5, 2021",S05E10,825,42
